AñoCaja;2026;;;;;;;;;;;;;;;;;;;;;;;;;;
MesCaja;(Todas);;;;;;;;;;;;;;;;;;;;;;;;;;
;;;;;;;;;;;;;;;;;;;;;;;;;;;
;;;;;;;CuentaDescripcion;Valores;;;;;;;;;;;;;;;;;;;
;;;;;;;Cobro a Clientes;;;Cobro a Clientes x Efectivo;;;Cobro a Clientes x Efectivo PYA;;;Cobro a Clientes x Mercado Pago;;;Cobro a Clientes x Pago OnLine PYA;;;Pago delivery;;;Cobro a Clientes x Posnet;;
FechaCaja;NroCaja;Turno;ImporteApertura;ImporteCierre;Diferencias;ImporteEnCajaCierre;Cant. Pedidos Delivery;Cant.Pedidos Mostrador;ImporteCobrado;Cant. Pedidos Delivery;Cant.Pedidos Mostrador;ImporteCobrado;Cant. Pedidos Delivery;Cant.Pedidos Mostrador;ImporteCobrado;Cant. Pedidos Delivery;Cant.Pedidos Mostrador;ImporteCobrado;Cant. Pedidos Delivery;Cant.Pedidos Mostrador;ImporteCobrado;Cant. Pedidos Delivery;Cant.Pedidos Mostrador;ImporteCobrado;Cant. Pedidos Delivery;Cant.Pedidos Mostrador;ImporteCobrado
2/1/2026;362618;Mediodía;0;241650;-150;140100;;;;4;1;$ 139.950,00;;;;5;1;$ 101.700,00;;;;;;;;;
;362619;Noche;0;3277540;-2300;1627020;;;;42;24;$ 1.624.720,00;;;;37;20;$ 1.540.800,00;0;2;$ 27.520,00;;;;0;3;$ 84.500,00
3/1/2026;363618;Mediodía;0;387261;-39;282400;;;;6;5;$ 264.600,00;0;1;$ 17.761,00;5;1;$ 121.900,00;;;;0;0;-$ 17.000,00;;;
;363619;Noche;0;4807570;-2600;2508050;;;;58;51;$ 2.505.450,00;;;;46;23;$ 2.016.350,00;0;8;$ 236.170,00;;;;0;2;$ 49.600,00
4/1/2026;363620;Noche;0;4326236;-6742;2367300;;;;50;45;$ 2.305.320,00;0;2;$ 55.238,00;35;19;$ 1.717.280,00;0;6;$ 114.498,00;;;;0;3;$ 133.900,00
5/1/2026;363621;Noche;0;1552948;-290;761900;;;;19;17;$ 761.610,00;;;;23;4;$ 742.700,00;0;2;$ 48.638,00;;;;;;
6/1/2026;364621;Mediodía;0;425229;550;309500;;;;10;5;$ 310.050,00;;;;4;0;$ 85.400,00;0;1;$ 29.779,00;;;;;;
;364622;Noche;0;1802580;-810;757900;;;;13;16;$ 757.090,00;;;;18;11;$ 864.500,00;0;5;$ 126.290,00;;;;0;2;$ 54.700,00
7/1/2026;364623;Mediodía;0;431980;-810;170150;;;;6;3;$ 169.340,00;;;;4;5;$ 221.400,00;0;2;$ 58.240,00;0;0;-$ 17.000,00;;;
;365623;Noche;0;2070753;9816;950310;;;;25;16;$ 960.126,00;;;;27;8;$ 955.090,00;0;3;$ 130.337,00;;;;0;1;$ 25.200,00
8/1/2026;366623;Mediodía;0;390440;-60;51000;;;;1;1;$ 50.940,00;;;;12;1;$ 356.500,00;;;;0;0;-$ 17.000,00;;;
;366624;Noche;0;2024514;-770;982600;;;;26;14;$ 981.830,00;;;;22;16;$ 844.970,00;0;6;$ 197.714,00;;;;;;
9/1/2026;366625;Mediodía;0;605248;10;253000;;;;8;6;$ 237.510,00;0;1;$ 15.500,00;7;1;$ 219.700,00;0;2;$ 77.038,00;;;;0;1;$ 55.500,00
;366626;Noche;0;4305746;-739;1796200;;;;48;28;$ 1.782.700,00;0;1;$ 12.761,00;50;15;$ 1.802.550,00;0;8;$ 438.235,00;;;;0;7;$ 269.500,00
10/1/2026;367626;Mediodía;0;212850;-50;169800;;;;5;3;$ 169.750,00;;;;2;0;$ 70.100,00;;;;0;0;-$ 27.000,00;;;
;367627;Noche;0;4564452;6744;2544730;;;;56;42;$ 2.532.215,00;0;1;$ 19.259,00;45;14;$ 1.676.725,00;0;7;$ 138.553,00;;;;0;6;$ 197.700,00
11/1/2026;367628;Noche;0;3915802;-2521;1725550;;;;52;26;$ 1.700.290,00;0;1;$ 22.739,00;48;17;$ 1.965.535,00;0;2;$ 79.638,00;;;;0;5;$ 147.600,00
12/1/2026;368628;Noche;0;1350250;350;720700;;;;24;12;$ 721.050,00;;;;15;6;$ 577.600,00;;;;;;;0;3;$ 51.600,00
13/1/2026;369628;Mediodía;0;308980;380;167600;;;;4;8;$ 167.980,00;;;;6;0;$ 125.400,00;;;;;;;0;1;$ 15.600,00
;369629;Noche;0;1682646;820;715050;;;;13;16;$ 715.870,00;;;;17;9;$ 832.900,00;0;4;$ 81.776,00;;;;0;1;$ 52.100,00
14/1/2026;369630;Mediodía;0;300888;-410;110840;;;;4;2;$ 110.430,00;;;;4;3;$ 137.200,00;0;2;$ 70.258,00;0;0;-$ 17.000,00;;;
;369631;Noche;0;2520244;-3470;1322500;;;;32;28;$ 1.319.030,00;;;;27;9;$ 890.000,00;0;6;$ 196.334,00;;;;0;3;$ 114.880,00
15/1/2026;370631;Mediodía;0;350150;-150;159000;;;;5;4;$ 158.850,00;;;;6;3;$ 208.300,00;;;;0;0;-$ 17.000,00;;;
;370632;Noche;0;2349475;-1214;979700;;;;32;8;$ 947.707,00;0;1;$ 30.779,00;26;19;$ 1.137.935,00;0;6;$ 209.954,00;;;;0;1;$ 23.100,00
16/1/2026;371631;Mediodía;0;452087;49;235100;;;;4;7;$ 217.890,00;0;1;$ 17.259,00;4;1;$ 180.000,00;0;2;$ 36.938,00;;;;;;
;371632;Noche;0;3905329;-1450;1565640;;;;35;35;$ 1.564.190,00;;;;41;22;$ 1.870.300,00;0;5;$ 117.039,00;;;;0;10;$ 353.800,00
17/1/2026;372632;Mediodía;0;334987;469;133700;;;;3;1;$ 55.490,00;0;1;$ 78.679,00;6;2;$ 188.400,00;0;2;$ 36.918,00;0;0;-$ 24.500,00;;;
;372633;Noche;0;4025248;2177;1939300;;;;54;33;$ 1.854.160,00;0;3;$ 87.317,00;50;16;$ 1.960.910,00;0;1;$ 17.261,00;;;;0;3;$ 105.600,00
18/1/2026;373633;Noche;0;3739944;-542;1982010;;;;51;32;$ 1.928.310,00;0;2;$ 53.158,00;46;12;$ 1.507.170,00;0;4;$ 128.606,00;;;;0;3;$ 122.700,00
19/1/2026;374633;Noche;0;1524236;180;928700;;;;26;14;$ 928.880,00;;;;17;4;$ 460.200,00;0;4;$ 81.556,00;;;;0;2;$ 53.600,00
20/1/2026;374634;Mediodía;0;384171;160;182000;;;;7;3;$ 182.160,00;;;;6;3;$ 217.200,00;0;1;$ 12.811,00;0;0;-$ 28.000,00;;;
;374635;Noche;0;1504278;-890;835930;;;;27;11;$ 835.040,00;;;;14;3;$ 546.300,00;0;4;$ 74.738,00;;;;0;2;$ 48.200,00
21/1/2026;374636;Mediodía;0;342589;-740;165720;;;;2;7;$ 164.980,00;;;;3;8;$ 176.500,00;0;1;$ 18.109,00;0;0;-$ 17.000,00;;;
;374637;Noche;0;1638720;0;706700;;;;21;19;$ 752.330,00;;;;28;1;$ 932.200,00;;;;;;;;;
22/1/2026;374638;Mediodía;0;545920;-325;265500;;;;4;8;$ 212.475,00;0;1;$ 52.700,00;5;2;$ 176.000,00;0;3;$ 104.745,00;;;;;;
;374639;Noche;0;2017887;-1390;884500;;;;18;17;$ 883.110,00;;;;16;11;$ 762.950,00;0;6;$ 192.027,00;;;;0;5;$ 179.800,00
23/1/2026;374640;Mediodía;0;510970;570;250800;;;;6;3;$ 251.370,00;;;;9;1;$ 259.600,00;;;;;;;;;
;375640;Noche;0;4558572;25610;2057500;;;;35;46;$ 2.083.110,00;;;;38;23;$ 2.049.670,00;0;9;$ 327.892,00;;;;0;4;$ 97.900,00
24/1/2026;376640;Mediodía;0;475080;180;267300;;;;6;5;$ 267.480,00;;;;3;1;$ 151.200,00;;;;;;;0;1;$ 56.400,00
;376641;Noche;0;4113217;4540;1999700;;;;53;20;$ 2.004.240,00;;;;36;28;$ 1.880.990,00;0;5;$ 152.487,00;;;;0;3;$ 75.500,00
25/1/2026;377641;Noche;0;3590918;-23160;1903700;;;;37;38;$ 1.880.540,00;;;;29;18;$ 1.438.570,00;0;1;$ 183.308,00;;;;0;3;$ 88.500,00
26/1/2026;378641;Noche;0;1567397;499;865660;;;;19;15;$ 834.330,00;0;1;$ 31.829,00;19;5;$ 511.200,00;0;3;$ 60.338,00;;;;0;4;$ 129.700,00
27/1/2026;378642;Mediodía;0;272730;30;163500;;;;4;5;$ 163.530,00;;;;4;1;$ 67.800,00;;;;;;;0;1;$ 41.400,00
;378643;Noche;0;1764520;219;931200;;;;13;21;$ 888.290,00;0;1;$ 43.129,00;15;9;$ 589.500,00;0;5;$ 150.601,00;;;;0;2;$ 93.000,00
28/1/2026;378644;Mediodía;0;376588;-411;242100;;;;5;3;$ 227.880,00;0;1;$ 13.809,00;4;1;$ 128.700,00;0;1;$ 23.199,00;0;0;-$ 17.000,00;;;
;378645;Noche;0;2615763;2144;1233200;;;;26;20;$ 1.173.440,00;0;3;$ 61.904,00;30;9;$ 1.226.850,00;0;4;$ 71.569,00;;;;0;2;$ 82.000,00
29/1/2026;378646;Mediodía;0;297640;-860;97700;;;;5;1;$ 96.840,00;;;;5;3;$ 160.400,00;;;;0;0;-$ 17.000,00;0;1;$ 57.400,00
;378647;Noche;0;1572858;32760;976650;;;;19;21;$ 1.009.410,00;;;;12;4;$ 469.800,00;0;2;$ 25.048,00;;;;0;2;$ 68.600,00
30/1/2026;378648;Mediodía;0;318359;-350;162800;;;;2;4;$ 162.450,00;;;;2;2;$ 114.300,00;0;1;$ 15.809,00;0;0;-$ 17.000,00;0;1;$ 42.800,00
;378649;Noche;0;4592776;-2988;2213150;;;;57;35;$ 2.196.153,00;0;1;$ 14.009,00;43;24;$ 1.984.910,00;0;7;$ 150.804,00;;;;0;7;$ 246.900,00
31/1/2026;379649;Mediodía;0;311605;91;124000;;;;4;0;$ 111.780,00;0;1;$ 12.311,00;6;1;$ 190.700,00;0;1;$ 19.814,00;0;0;-$ 23.000,00;;;
;379650;Noche;0;4324779;-3597;2083150;;;;42;40;$ 2.012.470,00;0;2;$ 67.083,00;35;25;$ 1.868.110,00;0;6;$ 192.916,00;;;;0;6;$ 184.200,00
1/2/2026;380650;Noche;0;4567743;-3821;2348420;;;;48;33;$ 2.298.970,00;0;1;$ 45.629,00;43;22;$ 1.948.710,00;0;8;$ 208.034,00;;;;0;3;$ 66.400,00
2/2/2026;381650;Noche;0;2074908;-1950;782920;;;;15;15;$ 780.970,00;;;;30;12;$ 1.255.000,00;0;1;$ 38.429,00;0;0;-$ 42.000,00;0;2;$ 42.509,00
3/2/2026;382650;Mediodía;0;417490;270;210420;;;;4;6;$ 210.690,00;;;;6;3;$ 225.800,00;;;;0;0;-$ 19.000,00;;;
;382651;Noche;0;1725263;-900;1025250;;;;26;16;$ 1.024.350,00;;;;14;7;$ 581.175,00;0;2;$ 42.238,00;;;;0;4;$ 77.500,00
4/2/2026;382652;Mediodía;0;338070;-30;295500;;;;10;4;$ 295.470,00;;;;1;3;$ 61.600,00;;;;0;0;-$ 19.000,00;;;
;383652;Noche;0;2073300;-1200;1116700;;;;23;23;$ 1.115.500,00;;;;24;5;$ 923.700,00;;;;0;0;-$ 63.000,00;0;2;$ 97.100,00
5/2/2026;383653;Mediodía;0;655488;30;186000;;;;8;3;$ 186.030,00;;;;9;3;$ 373.600,00;0;2;$ 46.958,00;;;;0;2;$ 48.900,00
;383654;Noche;0;2455318;530;1095430;;;;19;21;$ 1.095.960,00;;;;32;8;$ 1.220.800,00;0;2;$ 69.658,00;;;;0;3;$ 68.900,00
6/2/2026;384654;Mediodía;0;507358;-961;264940;;;;5;5;$ 250.470,00;0;1;$ 13.509,00;5;2;$ 168.400,00;0;1;$ 21.079,00;;;;0;2;$ 53.900,00
;385654;Noche;0;4130835;459;2206150;;;;50;42;$ 2.183.820,00;0;1;$ 22.789,00;34;15;$ 1.544.000,00;0;6;$ 164.826,00;;;;0;9;$ 215.400,00
7/2/2026;385655;Mediodía;0;619534;7720;298500;;;;7;6;$ 306.220,00;;;;5;2;$ 213.200,00;0;3;$ 72.614,00;;;;0;1;$ 27.500,00
;386655;Noche;0;4151262;95867;2319600;;;;54;33;$ 2.355.920,00;0;3;$ 59.547,00;36;23;$ 1.614.100,00;0;5;$ 121.695,00;;;;;;
8/2/2026;387655;Noche;0;3849027;-2507;2340300;;;;49;32;$ 2.301.775,00;0;2;$ 36.018,00;38;9;$ 1.351.300,00;0;6;$ 159.934,00;;;;;;
9/2/2026;387656;Noche;0;1389280;-330;681750;;;;10;19;$ 681.420,00;;;;15;4;$ 584.260,00;;;;;;;0;2;$ 123.600,00
10/2/2026;387657;Mediodía;0;445423;-190;339770;;;;7;8;$ 339.580,00;;;;2;2;$ 59.400,00;0;2;$ 46.443,00;;;;;;
;388657;Noche;0;1700389;793;796500;;;;16;13;$ 775.890,00;0;2;$ 21.403,00;18;8;$ 768.280,00;0;4;$ 134.816,00;;;;;;
11/2/2026;388658;Mediodía;0;387398;-840;240600;;;;7;4;$ 239.760,00;;;;3;1;$ 119.200,00;0;2;$ 45.438,00;0;0;-$ 17.000,00;;;
;388659;Noche;0;1721330;-1400;848720;0;0;$ 0,00;21;20;$ 847.320,00;;;;19;5;$ 792.110,00;;;;;;;0;1;$ 81.900,00
12/2/2026;388660;Mediodía;0;288840;70;202070;0;0;$ 0,00;5;7;$ 202.140,00;;;;3;1;$ 60.400,00;;;;0;0;-$ 17.000,00;0;1;$ 43.300,00
;388661;Noche;0;1702588;3740;736000;0;0;$ 0,00;20;16;$ 739.740,00;;;;23;5;$ 864.200,00;0;4;$ 98.648,00;;;;;;
13/2/2026;388662;Mediodía;0;280760;10;110150;0;0;$ 0,00;3;3;$ 110.160,00;;;;5;3;$ 170.600,00;;;;;;;;;
;388663;Noche;0;3728515;8240;1770800;0;0;$ 0,00;44;26;$ 1.779.040,00;;;;33;19;$ 1.684.189,00;0;4;$ 90.486,00;;;;0;6;$ 174.800,00
14/2/2026;388664;Mediodía;0;403500;-800;188000;0;0;$ 0,00;4;4;$ 187.200,00;;;;5;2;$ 182.000,00;;;;0;0;-$ 18.000,00;0;1;$ 52.300,00
;388665;Noche;0;4981286;-5030;2120100;0;0;$ 0,00;34;47;$ 2.115.070,00;;;;36;26;$ 2.308.000,00;0;9;$ 241.316,00;;;;0;9;$ 316.900,00
15/2/2026;389665;Noche;0;3176042;-2250;1350700;0;0;$ 0,00;33;30;$ 1.348.450,00;;;;41;15;$ 1.676.700,00;0;3;$ 71.492,00;;;;0;2;$ 79.400,00
16/2/2026;389666;Noche;0;4342174;395;1574400;0;0;$ 0,00;29;32;$ 1.574.795,00;;;;36;29;$ 2.340.185,00;0;11;$ 427.194,00;;;;;;
17/2/2026;389667;Noche;0;2479178;338;1461300;0;0;$ 0,00;34;19;$ 1.397.230,00;0;2;$ 64.408,00;19;10;$ 807.900,00;0;5;$ 119.140,00;;;;0;4;$ 90.500,00
18/2/2026;390667;Mediodía;0;238070;370;82700;0;0;$ 0,00;1;3;$ 83.070,00;;;;5;1;$ 157.100,00;;;;0;0;-$ 17.000,00;0;1;$ 14.900,00
;390668;Noche;0;1346890;200;453100;0;0;$ 0,00;6;11;$ 453.300,00;;;;18;7;$ 725.400,00;0;5;$ 159.990,00;0;0;-$ 42.000,00;0;2;$ 50.200,00
19/2/2026;391668;Mediodía;0;403350;-70;180700;0;0;$ 0,00;4;4;$ 180.630,00;;;;6;1;$ 178.800,00;0;1;$ 31.520,00;0;0;-$ 19.000,00;0;1;$ 31.400,00
;391669;Noche;0;1541387;-1601;900320;0;0;$ 0,00;23;19;$ 864.070,00;0;1;$ 34.649,00;13;5;$ 550.100,00;0;2;$ 40.068,00;;;;0;2;$ 52.500,00
20/2/2026;391670;Mediodía;0;733937;-131;314550;0;0;$ 0,00;8;4;$ 274.320,00;0;1;$ 40.099,00;8;5;$ 339.300,00;0;2;$ 68.518,00;0;0;-$ 34.000,00;0;2;$ 45.700,00
;391671;Noche;0;3227562;-2787;1757140;0;0;$ 0,00;43;23;$ 1.716.760,00;0;2;$ 37.593,00;33;11;$ 1.258.230,00;0;1;$ 34.379,00;;;;0;5;$ 180.600,00
21/2/2026;391672;Mediodía;0;572979;420;270200;0;0;$ 0,00;4;5;$ 270.620,00;;;;7;4;$ 285.100,00;0;1;$ 17.259,00;;;;;;
;391673;Noche;0;3773244;-4120;2152800;0;0;$ 0,00;40;38;$ 2.148.680,00;;;;36;13;$ 1.373.770,00;0;6;$ 169.694,00;;;;0;2;$ 81.100,00
22/2/2026;391674;Noche;0;3297085;1779;1652430;0;0;$ 0,00;39;28;$ 1.639.380,00;0;1;$ 14.829,00;28;11;$ 1.416.860,00;0;4;$ 179.416,00;;;;0;2;$ 46.600,00
23/2/2026;391675;Noche;0;1193998;250;408650;0;0;$ 0,00;8;12;$ 408.900,00;;;;13;8;$ 708.400,00;0;2;$ 48.298,00;;;;0;1;$ 28.400,00
24/2/2026;391676;Mediodía;0;355668;-260;161000;0;0;$ 0,00;7;2;$ 160.740,00;;;;5;0;$ 103.700,00;0;2;$ 63.928,00;;;;0;1;$ 27.300,00
;391677;Noche;0;1614817;-851;1000520;0;0;$ 0,00;21;21;$ 969.590,00;0;1;$ 30.079,00;12;6;$ 474.160,00;0;2;$ 88.588,00;;;;0;1;$ 52.400,00
25/2/2026;391678;Mediodía;0;271139;90;72000;0;0;$ 0,00;3;0;$ 72.090,00;;;;4;3;$ 181.500,00;0;2;$ 34.549,00;0;0;-$ 17.000,00;;;
;391679;Noche;0;1688638;-840;724000;0;0;$ 0,00;19;10;$ 723.160,00;;;;20;8;$ 887.700,00;0;3;$ 119.778,00;0;0;-$ 42.000,00;;;
26/2/2026;391680;Mediodía;0;369429;250;202250;0;0;$ 0,00;5;5;$ 202.500,00;;;;3;3;$ 135.200,00;0;1;$ 16.229,00;0;0;-$ 17.000,00;0;1;$ 32.500,00
;391681;Noche;0;2015980;1030;1026200;0;0;$ 0,00;19;16;$ 1.027.230,00;;;;19;12;$ 898.050,00;;;;;;;0;2;$ 90.700,00
27/2/2026;391682;Mediodía;0;454237;-621;168100;0;0;$ 0,00;3;4;$ 155.970,00;0;1;$ 11.509,00;6;2;$ 204.700,00;0;4;$ 99.058,00;0;0;-$ 17.000,00;;;
;391683;Noche;0;4482442;-2720;2006900;0;0;$ 0,00;45;31;$ 2.004.180,00;;;;43;23;$ 2.045.550,00;0;3;$ 73.012,00;;;;0;11;$ 359.700,00
28/2/2026;391684;Mediodía;0;547440;140;359500;0;0;$ 0,00;5;6;$ 359.640,00;;;;2;4;$ 171.800,00;;;;0;0;-$ 23.000,00;0;1;$ 39.000,00
;391685;Noche;0;4234084;-1017;2178200;0;0;$ 0,00;49;37;$ 2.135.450,00;0;2;$ 41.733,00;44;14;$ 1.871.100,00;0;5;$ 162.101,00;;;;0;1;$ 23.700,00
1/3/2026;391686;Noche;0;3394620;624;1680150;0;0;$ 0,00;41;26;$ 1.659.320,00;0;1;$ 21.454,00;39;12;$ 1.447.780,00;0;4;$ 88.556,00;;;;0;3;$ 177.510,00
2/3/2026;392686;Noche;0;1682336;89;652500;0;0;$ 0,00;13;15;$ 633.080,00;0;1;$ 19.509,00;23;6;$ 896.560,00;0;3;$ 56.787,00;;;;0;4;$ 76.400,00
3/3/2026;392687;Mediodía;0;296668;10;68300;0;0;$ 0,00;3;1;$ 68.310,00;;;;6;2;$ 202.800,00;0;2;$ 25.558,00;;;;;;
;392688;Noche;0;1052869;210;488850;0;0;$ 0,00;9;15;$ 489.060,00;;;;15;5;$ 547.200,00;0;1;$ 16.609,00;;;;;;
4/3/2026;392689;Mediodía;0;368020;20;184300;0;0;$ 0,00;5;6;$ 184.320,00;;;;4;2;$ 200.700,00;;;;0;0;-$ 17.000,00;;;
;392690;Noche;0;2114002;1390;1139270;0;0;$ 0,00;23;26;$ 1.140.660,00;;;;19;8;$ 813.600,00;0;3;$ 111.742,00;;;;0;1;$ 48.000,00
5/3/2026;392691;Mediodía;0;365640;-360;173700;0;0;$ 0,00;5;4;$ 173.340,00;;;;3;3;$ 139.700,00;;;;0;0;-$ 17.000,00;0;2;$ 69.600,00
;393689;Noche;0;2199122;-50;1206200;0;0;$ 0,00;26;21;$ 1.206.150,00;;;;17;10;$ 815.900,00;0;3;$ 95.072,00;;;;0;2;$ 82.000,00
6/3/2026;393690;Mediodía;0;388969;-1890;196650;0;0;$ 0,00;5;3;$ 194.760,00;;;;7;0;$ 182.700,00;0;1;$ 11.509,00;;;;;;
;393691;Noche;0;5724106;8129;2607420;0;0;$ 0,00;39;71;$ 2.596.040,00;0;1;$ 19.509,00;44;51;$ 2.667.040,00;0;3;$ 81.217,00;;;;0;11;$ 360.300,00
7/3/2026;393692;Mediodía;0;418759;210;274740;0;0;$ 0,00;4;6;$ 274.950,00;;;;2;3;$ 126.500,00;0;1;$ 34.309,00;0;0;-$ 17.000,00;;;
;393693;Noche;0;5369108;1705;2622600;0;0;$ 0,00;50;49;$ 2.421.210,00;0;5;$ 203.095,00;51;21;$ 2.302.190,00;0;7;$ 175.013,00;;;;0;5;$ 267.600,00
8/3/2026;393694;Noche;0;3944019;-3131;1881720;0;0;$ 0,00;43;34;$ 1.853.860,00;0;1;$ 24.729,00;39;21;$ 1.673.290,00;0;10;$ 330.640,00;;;;0;3;$ 61.500,00
9/3/2026;393695;Noche;0;1474655;1120;783040;0;0;$ 0,00;16;14;$ 784.160,00;;;;14;6;$ 542.660,00;0;5;$ 139.135,00;;;;0;1;$ 8.700,00
10/3/2026;393696;Mediodía;0;294859;-450;92700;0;0;$ 0,00;3;3;$ 92.250,00;;;;3;5;$ 193.200,00;0;1;$ 26.409,00;0;0;-$ 17.000,00;;;
;393697;Noche;0;1382045;-561;599400;0;0;$ 0,00;12;12;$ 579.840,00;0;1;$ 18.999,00;14;7;$ 633.800,00;0;5;$ 101.306,00;;;;0;2;$ 48.100,00
11/3/2026;393698;Mediodía;0;338959;-50;177800;0;0;$ 0,00;5;4;$ 177.750,00;;;;3;4;$ 161.209,00;;;;;;;;;
;393699;Noche;0;1635297;0;887800;0;0;$ 0,00;22;12;$ 887.860,00;;;;12;5;$ 526.230,00;0;3;$ 74.207,00;;;;0;3;$ 147.000,00
12/3/2026;393700;Mediodía;0;429619;-290;222500;0;0;$ 0,00;10;1;$ 222.210,00;;;;2;2;$ 137.000,00;0;1;$ 11.209,00;0;0;-$ 17.000,00;0;2;$ 76.200,00
;393701;Noche;0;1663285;2530;837020;0;0;$ 0,00;21;17;$ 839.550,00;;;;16;6;$ 642.620,00;0;5;$ 101.715,00;;;;0;2;$ 79.400,00
13/3/2026;393702;Mediodía;0;298060;-40;119200;0;0;$ 0,00;4;5;$ 119.160,00;;;;3;3;$ 178.900,00;;;;;;;;;
Total general;;;;;;;0;0;$ 0,00;2424;1956;$ 105.528.796,00;0;57;$ 1.488.313,00;2213;1012;$ 94.179.873,00;0;334;$ 9.563.321,00;0;0;-$ 763.500,00;0;232;$ 7.723.299,00
